{"cameraMode":{"drawMode":0,"name":"Shaded","section":"Shading Mode"},"sceneLighting":true,"audioPlay":false,"sceneViewState":{"showFog":true,"showMaterialUpdate":true,"showSkybox":true,"showFlares":true,"showImageEffects":true,"showParticleSystems":true},"in2DMode":false,"pivot":{"x":0.9925005435943604,"y":1.313741683959961,"z":0.8260917663574219},"rotation":{"x":0.331581175327301,"y":-0.00832723081111908,"z":0.0026643378660082819,"w":0.9435124397277832},"size":7.07967472076416,"orthographic":false}