{"cameraMode":{"drawMode":0,"name":"Shaded","section":"Shading Mode"},"sceneLighting":true,"audioPlay":false,"sceneViewState":{"showFog":true,"showMaterialUpdate":true,"showSkybox":true,"showFlares":true,"showImageEffects":true,"showParticleSystems":true},"in2DMode":false,"pivot":{"x":157.55462646484376,"y":-41.68572998046875,"z":-49.21044921875},"rotation":{"x":0.15670587122440339,"y":-0.8001106381416321,"z":0.2374112606048584,"w":0.528121829032898},"size":52.3716926574707,"orthographic":false}