{"cameraMode":{"drawMode":0,"name":"Shaded","section":"Shading Mode"},"sceneLighting":true,"audioPlay":false,"sceneViewState":{"showFog":true,"showMaterialUpdate":true,"showSkybox":true,"showFlares":true,"showImageEffects":true,"showParticleSystems":true},"in2DMode":false,"pivot":{"x":-5.551703453063965,"y":2.776294231414795,"z":-0.11890411376953125},"rotation":{"x":0.28850385546684267,"y":0.043251484632492068,"z":-0.01330284122377634,"w":0.956531286239624},"size":8.54137897491455,"orthographic":false}