{"cameraMode":{"drawMode":0,"name":"Shaded","section":"Shading Mode"},"sceneLighting":false,"audioPlay":false,"sceneViewState":{"showFog":true,"showMaterialUpdate":true,"showSkybox":false,"showFlares":true,"showImageEffects":true,"showParticleSystems":true},"in2DMode":false,"pivot":{"x":0.17747128009796143,"y":1.9718446731567383,"z":0.2534120976924896},"rotation":{"x":0.5132684707641602,"y":0.00782099086791277,"z":-0.0049663325771689419,"w":0.8583109378814697},"size":3.1086795330047609,"orthographic":false}