{"cameraMode":{"drawMode":0,"name":"Shaded","section":"Shading Mode"},"sceneLighting":true,"audioPlay":false,"sceneViewState":{"showFog":true,"showMaterialUpdate":true,"showSkybox":true,"showFlares":true,"showImageEffects":true,"showParticleSystems":true},"in2DMode":false,"pivot":{"x":-3.4866888523101808,"y":1.3454052209854127,"z":4.802603244781494},"rotation":{"x":0.42959359288215639,"y":0.1461973786354065,"z":-0.07070919126272202,"w":0.8883121013641357},"size":5.478240966796875,"orthographic":false}