{"cameraMode":{"drawMode":0,"name":"Shaded","section":"Shading Mode"},"sceneLighting":true,"audioPlay":false,"sceneViewState":{"showFog":true,"showMaterialUpdate":true,"showSkybox":true,"showFlares":true,"showImageEffects":true,"showParticleSystems":true},"in2DMode":false,"pivot":{"x":-31.42010498046875,"y":-1.1684094667434693,"z":29.600261688232423},"rotation":{"x":0.15051017701625825,"y":0.17132624983787538,"z":-0.026722081005573274,"w":0.9733952283859253},"size":23.334157943725587,"orthographic":false}