{"cameraMode":{"drawMode":0,"name":"Shaded","section":"Shading Mode"},"sceneLighting":true,"audioPlay":false,"sceneViewState":{"showFog":true,"showMaterialUpdate":true,"showSkybox":true,"showFlares":true,"showImageEffects":true,"showParticleSystems":true},"in2DMode":false,"pivot":{"x":249.62802124023438,"y":39.214481353759769,"z":-121.74258422851563},"rotation":{"x":-0.10806778818368912,"y":-0.8875077962875366,"z":0.2662440240383148,"w":-0.36024221777915957},"size":5.3871002197265629,"orthographic":false}